Top pages,Clicks,Impressions,CTR,Position
https://www.nextsteptherapy.ca/,5,220,0.0227,23.01
https://www.nextsteptherapy.ca/about,4,73,0.0548,6.79
https://nextsteptherapy.ca/child-anxious-about-university.html,4,40,0.1,7.17
https://nextsteptherapy.ca/,3,220,0.013600000000000001,29.15
https://www.nextsteptherapy.ca/first-year-university-anxiety,3,53,0.056600000000000004,5.91
https://www.nextsteptherapy.ca/homesick-university,3,16,0.1875,5.94
https://www.nextsteptherapy.ca/virtual-therapy-ontario,2,103,0.0194,84.41
https://nextsteptherapy.ca/sunday-night-anxiety.html,2,9,0.22219999999999998,25.22
https://nextsteptherapy.ca/online-counseling-ontario.html,1,118,0.0085,91.0
https://nextsteptherapy.ca/therapy-covered-insurance-ontario.html,1,84,0.011899999999999999,34.64
https://www.nextsteptherapy.ca/seo/therapy-covered-insurance-ontario.html,1,58,0.0172,17.71
https://nextsteptherapy.ca/first-year-university-anxiety.html,1,54,0.018500000000000003,7.63
https://www.nextsteptherapy.ca/work-stress-assessment,1,40,0.025,15.82
https://www.nextsteptherapy.ca/child-anxious-about-university,1,27,0.037000000000000005,12.0
https://nextsteptherapy.ca/services/anxiety-therapy,1,23,0.0435,5.13
https://nextsteptherapy.ca/homesick-university.html,1,23,0.0435,7.3
https://www.nextsteptherapy.ca/services/workplace-stress-burnout.html,1,23,0.0435,57.61
https://www.nextsteptherapy.ca/professional-growth-through-therapy-a-toronto-guide,1,22,0.0455,34.59
https://www.nextsteptherapy.ca/return-to-office-anxiety.html,1,17,0.0588,11.88
https://www.nextsteptherapy.ca/winning-mindset-mental-performance-strategies-for-high-achieving-professionals,1,13,0.07690000000000001,9.15
https://nextsteptherapy.ca/failing-university-anxiety.html,1,13,0.07690000000000001,12.38
https://nextsteptherapy.ca/student-mental-health,1,7,0.1429,5.57
https://www.nextsteptherapy.ca/therapist-available-today-ontario.html,1,7,0.1429,21.14
https://www.nextsteptherapy.ca/performance-anxiety-therapy-in-toronto.html,1,2,0.5,3.5
https://nextsteptherapy.ca/virtual-therapy-burlington.html,0,658,0.0,33.95
https://nextsteptherapy.ca/virtual-therapy-ontario.html,0,210,0.0,87.9
https://nextsteptherapy.ca/services/life-transitions.html,0,190,0.0,82.64
https://www.nextsteptherapy.ca/therapist-mississauga.html,0,144,0.0,55.68
https://nextsteptherapy.ca/therapy-near-me-ontario.html,0,144,0.0,84.97
https://nextsteptherapy.ca/services/mens-mental-health.html,0,114,0.0,55.84
https://nextsteptherapy.ca/online-counselling-remote-workers.html,0,86,0.0,8.81
https://www.nextsteptherapy.ca/counselling-ontario.html,0,83,0.0,79.02
https://www.nextsteptherapy.ca/why-feel-anxious-all-time.html,0,80,0.0,66.24
https://www.nextsteptherapy.ca/performance-anxiety,0,65,0.0,48.2
https://www.nextsteptherapy.ca/services/life-transitions.html,0,60,0.0,70.55
https://nextsteptherapy.ca/virtual-therapy-ontario,0,58,0.0,80.81
https://nextsteptherapy.ca/acceptance-commitment-therapy-act.html,0,54,0.0,56.37
https://nextsteptherapy.ca/depression-therapy-ottawa.html,0,51,0.0,83.94
https://www.nextsteptherapy.ca/perfectionism-and-burnout-therapy-toronto,0,50,0.0,41.98
https://nextsteptherapy.ca/therapy-goals-depression,0,49,0.0,83.0
https://www.nextsteptherapy.ca/how-core-values-shape-peak-performance-and-professional-fulfillment,0,45,0.0,48.33
https://www.nextsteptherapy.ca/young-adult-therapy.html,0,43,0.0,64.72
https://nextsteptherapy.ca/online-counselling-remote-workers,0,39,0.0,6.69
https://nextsteptherapy.ca/workplace-stress-counselling-hamilton.html,0,38,0.0,42.47
https://nextsteptherapy.ca/online-therapy-ontario.html,0,30,0.0,73.63
https://nextsteptherapy.ca/online-therapy-depression,0,29,0.0,65.07
https://nextsteptherapy.ca/virtual-therapy-thunder-bay.html,0,28,0.0,46.64
https://nextsteptherapy.ca/seo/cant-stop-worrying-work.html,0,27,0.0,27.7
https://www.nextsteptherapy.ca/performance-mindfulness-science-backed-practices-for-high-pressure-work-environments,0,26,0.0,7.15
https://nextsteptherapy.ca/mens-mental-health-toronto.html,0,24,0.0,73.75
https://www.nextsteptherapy.ca/work-anxiety-and-stress,0,23,0.0,75.96
https://www.nextsteptherapy.ca/index.html,0,22,0.0,62.55
https://nextsteptherapy.ca/study-anxiety,0,21,0.0,20.1
https://nextsteptherapy.ca/panic-attacks-driving-ontario.html,0,21,0.0,22.1
https://www.nextsteptherapy.ca/sunday-night-anxiety.html,0,20,0.0,29.75
https://nextsteptherapy.ca/counselling-ontario,0,18,0.0,5.94
https://www.nextsteptherapy.ca/mens-mental-health-in-high-pressure-careers-navigating-stress-stigma-and-sustainable-success,0,18,0.0,14.39
https://nextsteptherapy.ca/cant-sleep-anxiety.html,0,18,0.0,54.28
https://nextsteptherapy.ca/anxiety-counseling-ontario.html,0,17,0.0,63.12
https://nextsteptherapy.ca/mindfulness-therapy-enhancing-your-mind-improving-your-life.html,0,17,0.0,77.94
https://nextsteptherapy.ca/college-anxiety.html,0,16,0.0,19.44
https://nextsteptherapy.ca/acceptance-commitment-therapy-act,0,16,0.0,42.88
https://www.nextsteptherapy.ca/contact,0,16,0.0,50.81
https://nextsteptherapy.ca/why-feel-anxious-all-time.html,0,16,0.0,78.88
https://nextsteptherapy.ca/university-student-therapy,0,15,0.0,22.27
https://nextsteptherapy.ca/services/workplace-stress-burnout.html,0,15,0.0,65.47
https://nextsteptherapy.ca/therapy-cost-without-insurance.html,0,14,0.0,22.64
https://www.nextsteptherapy.ca/guide-to-work-stress-management,0,14,0.0,63.14
https://www.nextsteptherapy.ca/start-up-stress-to-peak-performance-a-mental-health-guide-for-tech-entrepreneurs,0,13,0.0,21.85
https://nextsteptherapy.ca/transforming-career-transitions-how-therapy-supports-ambitious-professionals.html,0,13,0.0,45.08
https://nextsteptherapy.ca/seo/why-feel-anxious-all-time.html,0,13,0.0,89.92
https://www.nextsteptherapy.ca/services/relationship-communication,0,12,0.0,15.17
https://nextsteptherapy.ca/seo/therapy-covered-insurance-ontario.html,0,12,0.0,56.67
https://nextsteptherapy.ca/toronto-depression-therapy,0,12,0.0,57.67
https://nextsteptherapy.ca/email-anxiety-therapy.html,0,11,0.0,13.18
https://nextsteptherapy.ca/seo/panic-attacks-driving-ontario.html,0,11,0.0,16.27
https://www.nextsteptherapy.ca/same-week-therapy-appointment.html,0,11,0.0,30.91
https://nextsteptherapy.ca/online-mental-health-support-ontario.html,0,11,0.0,76.64
https://www.nextsteptherapy.ca/college-student-counseling,0,10,0.0,17.7
https://www.nextsteptherapy.ca/the-link-between-perfectionism-and-burnout-transform-your-relationship-with-achievement,0,10,0.0,54.1
https://nextsteptherapy.ca/anxiety-counseling-ontario,0,10,0.0,64.7
https://www.nextsteptherapy.ca/general-anxiety-and-stress-therapy,0,9,0.0,7.44
https://www.nextsteptherapy.ca/services,0,9,0.0,9.11
https://nextsteptherapy.ca/college-student-counseling.html,0,9,0.0,22.33
https://nextsteptherapy.ca/study-anxiety.html,0,9,0.0,28.78
https://nextsteptherapy.ca/university-depression,0,9,0.0,37.22
https://www.nextsteptherapy.ca/seo/sunday-night-anxiety.html,0,9,0.0,55.44
https://www.nextsteptherapy.ca/mental-health-northern-ontario.html,0,9,0.0,56.67
https://www.nextsteptherapy.ca/failing-university-anxiety,0,8,0.0,5.12
https://www.nextsteptherapy.ca/counselling-ontario,0,8,0.0,6.62
https://www.nextsteptherapy.ca/the-high-performer-s-guide-to-emotional-intelligence-making-better-decisions-when-stakes-are-high,0,8,0.0,7.62
https://nextsteptherapy.ca/panic-attacks-university.html,0,8,0.0,8.25
https://nextsteptherapy.ca/student-mental-health.html,0,8,0.0,14.25
https://www.nextsteptherapy.ca/online-counselling-remote-workers,0,8,0.0,14.75
https://www.nextsteptherapy.ca/same-week-therapy-appointment,0,8,0.0,18.88
https://www.nextsteptherapy.ca/confronting-impostor-syndrome-how-depth-oriented-therapy-transforms-professional-confidence,0,8,0.0,23.38
https://www.nextsteptherapy.ca/executive-professional-performance-enhancement,0,7,0.0,27.43
https://nextsteptherapy.ca/university-counseling,0,7,0.0,44.29
https://nextsteptherapy.ca/services/mens-mental-health,0,7,0.0,64.71
https://nextsteptherapy.ca/services/workplace-stress-burnout,0,7,0.0,69.43
https://nextsteptherapy.ca/therapist-toronto-depression.html,0,6,0.0,5.33
https://www.nextsteptherapy.ca/counseling-services-ontario.html,0,6,0.0,8.83
https://nextsteptherapy.ca/students-with-anxiety,0,6,0.0,19.67
https://nextsteptherapy.ca/university-student-therapy.html,0,6,0.0,44.33
https://nextsteptherapy.ca/grief-counseling-ontario.html,0,6,0.0,62.17
https://www.nextsteptherapy.ca/constant-stress-from-job.html,0,6,0.0,87.33
https://nextsteptherapy.ca/therapy-for-professionals.html,0,5,0.0,3.4
https://www.nextsteptherapy.ca/university-exam-anxiety,0,5,0.0,5.8
https://nextsteptherapy.ca/psychotherapy-counselling-depression,0,5,0.0,18.0
https://www.nextsteptherapy.ca/blogca721fd6,0,5,0.0,28.2
https://nextsteptherapy.ca/services/life-transitions,0,5,0.0,78.4
https://nextsteptherapy.ca/mental-health-ontario-professionals,0,5,0.0,94.4
https://nextsteptherapy.ca/cant-stop-worrying-work.html,0,4,0.0,4.5
https://nextsteptherapy.ca/help-university-student-depression.html,0,4,0.0,9.75
https://nextsteptherapy.ca/anxiety-therapy-toronto.html,0,4,0.0,11.5
https://www.nextsteptherapy.ca/blog,0,4,0.0,11.5
https://nextsteptherapy.ca/performance-review-anxiety.html,0,4,0.0,23.5
https://nextsteptherapy.ca/young-adult-therapy.html,0,4,0.0,25.25
https://nextsteptherapy.ca/seo/sunday-night-anxiety.html,0,4,0.0,27.0
https://nextsteptherapy.ca/services/anxiety-therapy.html,0,4,0.0,56.0
https://nextsteptherapy.ca/mens-mental-health-therapy-london-ontario.html,0,4,0.0,58.75
https://www.nextsteptherapy.ca/seo/constant-stress-from-job.html,0,4,0.0,74.25
https://www.nextsteptherapy.ca/same-day-virtual-therapy-ontario,0,3,0.0,1.33
https://nextsteptherapy.ca/college-stress.html,0,3,0.0,4.33
https://www.nextsteptherapy.ca/same-day-virtual-therapy-ontario.html,0,3,0.0,6.67
https://www.nextsteptherapy.ca/therapy-for-professionals.html,0,3,0.0,9.33
https://nextsteptherapy.ca/trauma-therapy-ontario.html,0,3,0.0,14.67
https://nextsteptherapy.ca/same-day-virtual-therapy-ontario.html,0,3,0.0,18.0
https://nextsteptherapy.ca/counseling-services-ontario.html,0,3,0.0,18.67
https://nextsteptherapy.ca/university-anxiety.html,0,3,0.0,26.67
https://nextsteptherapy.ca/virtual-therapy-busy-parents.html,0,3,0.0,47.67
https://nextsteptherapy.ca/work-anxiety-and-stress.html,0,3,0.0,87.67
https://nextsteptherapy.ca/child-anxious-about-university,0,2,0.0,2.0
https://nextsteptherapy.ca/mental-health-northern-ontario.html,0,2,0.0,2.5
https://www.nextsteptherapy.ca/transforming-career-transitions-how-therapy-supports-ambitious-professionals,0,2,0.0,8.0
https://nextsteptherapy.ca/cant-stop-worrying-work,0,2,0.0,8.5
https://www.nextsteptherapy.ca/services/relationship-communication.html,0,2,0.0,8.5
https://nextsteptherapy.ca/mental-health-therapy-ontario.html,0,2,0.0,9.0
https://nextsteptherapy.ca/virtual-therapy-thunder-bay,0,2,0.0,9.0
https://nextsteptherapy.ca/virtual-therapy-busy-parents,0,2,0.0,9.5
https://www.nextsteptherapy.ca/layoff-anxiety-therapy.html,0,2,0.0,10.0
https://www.nextsteptherapy.ca/performance-anxiety-therapy-in-toronto,0,2,0.0,11.5
https://nextsteptherapy.ca/winning-mindset-mental-performance-strategies-for-high-achieving-professionals.html,0,2,0.0,12.5
https://nextsteptherapy.ca/services/relationship-communication.html,0,2,0.0,15.0
https://www.nextsteptherapy.ca/seo/therapist-available-today-ontario.html,0,2,0.0,15.0
https://www.nextsteptherapy.ca/career-uncertainty-anxiety-finding-your-path-as-a-young-professional,0,2,0.0,15.5
https://nextsteptherapy.ca/thank-you.html,0,2,0.0,16.5
https://www.nextsteptherapy.ca/mental-health-therapy-ontario.html,0,2,0.0,16.5
https://nextsteptherapy.ca/cant-sleep-anxiety,0,2,0.0,50.5
https://www.nextsteptherapy.ca/?s=%7Bsearch_term_string%7D,0,2,0.0,56.5
https://nextsteptherapy.ca/depression-therapy-ontario.html,0,2,0.0,61.5
https://www.nextsteptherapy.ca/zoom-meeting-anxiety.html,0,2,0.0,66.0
https://nextsteptherapy.ca/services/depression-mood-support.html,0,2,0.0,93.0
https://nextsteptherapy.ca/university-counseling.html,0,1,0.0,8.0
https://www.nextsteptherapy.ca/online-therapy-for-depression.html,0,1,0.0,8.0
https://www.nextsteptherapy.ca/the-tricky-nature-of-anxiety-and-stress,0,1,0.0,8.0
https://nextsteptherapy.ca/academic-stress-university.html,0,1,0.0,9.0
https://nextsteptherapy.ca/return-to-office-anxiety.html,0,1,0.0,9.0
https://www.nextsteptherapy.ca/anxietys-hidden-message-why-understanding-beats-managing,0,1,0.0,9.0
https://nextsteptherapy.ca/mental-health-ontario-professionals.html,0,1,0.0,10.0
https://nextsteptherapy.ca/performance-anxiety-therapy-in-toronto.html,0,1,0.0,13.0
https://nextsteptherapy.ca/seo/therapist-available-today-ontario.html,0,1,0.0,16.0
https://www.nextsteptherapy.ca/work-stress-assessment-understand-your-professional-wellbeing,0,1,0.0,18.0
https://nextsteptherapy.ca/teen-eating-disorder-help,0,1,0.0,66.0
https://nextsteptherapy.ca/university-exam-anxiety.html,0,1,0.0,76.0
https://www.nextsteptherapy.ca/guide-to-work-stress-management.html,0,1,0.0,90.0
