Keyword,Country,Device,Impressions,Clicks,CTR,Position
"jesse cynamon",can,MOBILE,185,20,10.81%,2.6
"next step therapy",can,DESKTOP,58,14,24.14%,1.8
"next step therapy",can,MOBILE,40,13,32.50%,2.5
"jesse cynamon",can,DESKTOP,75,12,16.00%,2.5
"next step therapy clinic",can,DESKTOP,70,9,12.86%,1.4
"next step psychotherapy",can,DESKTOP,14,7,50.00%,2.0
"next step psychotherapy",can,MOBILE,12,5,41.67%,1.9
"next steps therapy",can,DESKTOP,9,4,44.44%,1.7
"next step therapy clinic",can,MOBILE,18,2,11.11%,2.4
"nextstep therapy",can,DESKTOP,6,1,16.67%,1.2
"alison gomez",can,MOBILE,1,0,0%,8.0
"anxiety and stress at work",can,DESKTOP,1,0,0%,69.0
"anxiety and stress therapy",can,DESKTOP,7,0,0%,95.4
"anxiety counselling cochrane",can,DESKTOP,2,0,0%,60.0
"anxiety from work",can,DESKTOP,3,0,0%,84.7
"anxiety management for athletes in toronto",can,DESKTOP,1,0,0%,37.0
"anxiety work",can,DESKTOP,1,0,0%,72.0
"anxiety work related",can,DESKTOP,1,0,0%,98.0
"best hypnotherapist near me",can,DESKTOP,1,0,0%,1.0
"best therapist in toronto",can,DESKTOP,1,0,0%,1.0
"burnout counseling ontario",can,DESKTOP,1,0,0%,69.0
"burnout therapy toronto",can,DESKTOP,8,0,0%,89.0
"burnout therapy toronto",can,MOBILE,11,0,0%,87.5
"burnout treatment toronto",can,DESKTOP,5,0,0%,93.2
"burnout treatment toronto",can,MOBILE,2,0,0%,95.5
"cbt therapy for performance anxiety",can,DESKTOP,6,0,0%,78.8
"counsellor near by me",can,DESKTOP,1,0,0%,1.0
"eq high",can,DESKTOP,1,0,0%,38.0
"eq high",can,MOBILE,1,0,0%,39.0
"executive performance",can,DESKTOP,5,0,0%,62.6
"growth through change",can,DESKTOP,1,0,0%,44.0
"high ei",can,DESKTOP,1,0,0%,62.0
"how to be a better performer",can,DESKTOP,1,0,0%,85.0
"how to deal with work stress and anxiety",can,DESKTOP,3,0,0%,83.0
"impostor syndrome therapy",can,DESKTOP,1,0,0%,69.0
"jesse cynamon",can,TABLET,2,0,0%,4.0
"job related anxiety",can,DESKTOP,1,0,0%,84.0
"job stress and anxiety",can,DESKTOP,1,0,0%,90.0
"mental health therapist near me",can,DESKTOP,1,0,0%,1.0
"new step therapy",can,MOBILE,1,0,0%,2.0
"nex step",can,DESKTOP,1,0,0%,47.0
"next level therapy",can,DESKTOP,49,0,0%,6.8
"next level therapy",can,MOBILE,85,0,0%,10.1
"next stage therapy",can,DESKTOP,2,0,0%,2.5
"next stage therapy",can,MOBILE,1,0,0%,2.0
"next step",can,DESKTOP,17,0,0%,59.3
"next step",can,MOBILE,4,0,0%,26.5
"next step clinic",can,MOBILE,1,0,0%,3.0
"next step contact",can,DESKTOP,4,0,0%,61.0
"next step counseling",can,DESKTOP,6,0,0%,23.0
"next step counseling",can,MOBILE,11,0,0%,7.3
"next step counseling services",can,DESKTOP,2,0,0%,4.5
"next step counseling services",can,MOBILE,4,0,0%,5.5
"next step counselling",can,DESKTOP,66,0,0%,8.8
"next step counselling",can,MOBILE,125,0,0%,11.1
"next step counselling",can,TABLET,2,0,0%,12.0
"next step massage",can,MOBILE,1,0,0%,1.0
"next step near me",can,DESKTOP,1,0,0%,3.0
"next step near me",can,MOBILE,1,0,0%,3.0
"next step physiotherapy",can,DESKTOP,1,0,0%,10.0
"next step physiotherapy",can,MOBILE,1,0,0%,11.0
"next step psychiatry",can,DESKTOP,3,0,0%,7.7
"next step psychology",can,DESKTOP,3,0,0%,8.3
"next step psychology and counselling",can,MOBILE,1,0,0%,1.0
"next step psychotherapy",can,TABLET,5,0,0%,1.4
"next step psychotherapy and wellbeing",can,DESKTOP,3,0,0%,3.0
"next step rehab",can,MOBILE,1,0,0%,6.0
"next step treatment",can,DESKTOP,1,0,0%,3.0
"next stepp",can,DESKTOP,1,0,0%,76.0
"next steps",can,DESKTOP,3,0,0%,94.7
"next steps counseling",can,MOBILE,3,0,0%,12.3
"next steps counselling",can,DESKTOP,12,0,0%,6.8
"next steps counselling",can,MOBILE,8,0,0%,7.5
"next steps psychology",can,DESKTOP,1,0,0%,4.0
"next steps psychology",can,MOBILE,1,0,0%,4.0
"next steps therapy",can,MOBILE,2,0,0%,2.5
"next therapy",can,DESKTOP,5,0,0%,3.6
"next therapy",can,MOBILE,2,0,0%,8.0
"next therapy solutions",can,DESKTOP,5,0,0%,3.0
"next therapy solutions",can,MOBILE,2,0,0%,4.0
"nextcare urgent care",can,DESKTOP,2,0,0%,2.0
"nextstep",can,DESKTOP,1,0,0%,3.0
"nextstep",can,MOBILE,1,0,0%,8.0
"nextstep counseling",can,DESKTOP,1,0,0%,5.0
"nextstep counseling",can,MOBILE,13,0,0%,3.7
"nextstep health",can,MOBILE,1,0,0%,11.0
"nextstep therapy",can,MOBILE,7,0,0%,3.0
"nxtstep ontario",can,DESKTOP,5,0,0%,7.8
"nxtstep ontario",can,MOBILE,26,0,0%,8.2
"old therapy toronto",can,MOBILE,3,0,0%,82.7
"online psychotherapy ontario",can,DESKTOP,2,0,0%,136.0
"overcoming performance fear toronto",can,DESKTOP,42,0,0%,6.8
"perfectionism and burnout",can,DESKTOP,5,0,0%,38.8
"perfectionism and burnout",can,MOBILE,1,0,0%,31.0
"performance anxiety cbt therapy",can,DESKTOP,4,0,0%,55.0
"performance anxiety counselling toronto",can,DESKTOP,45,0,0%,15.6
"performance anxiety therapist",can,DESKTOP,2,0,0%,11.5
"performance anxiety therapist",can,MOBILE,3,0,0%,11.0
"performance anxiety therapy",can,DESKTOP,40,0,0%,44.8
"performance enhancement therapy",can,DESKTOP,1,0,0%,93.0
"performance psychology services toronto",can,DESKTOP,60,0,0%,93.5
"performance therapy",can,DESKTOP,13,0,0%,63.0
"personal development therapy",can,DESKTOP,1,0,0%,95.0
"personal growth therapy",can,DESKTOP,10,0,0%,97.3
"personal growth therapy",can,MOBILE,9,0,0%,101.2
"professional core values",can,DESKTOP,1,0,0%,66.0
"professional fulfillment services",can,DESKTOP,15,0,0%,91.9
"professional performance",can,DESKTOP,17,0,0%,27.7
"professional performance",can,MOBILE,2,0,0%,21.5
"professional therapeutic",can,DESKTOP,1,0,0%,64.0
"professional therapy",can,DESKTOP,5,0,0%,50.2
"professional therapy",can,MOBILE,1,0,0%,9.0
"professionalism as a core value",can,DESKTOP,1,0,0%,15.0
"psychotherapist near me",can,DESKTOP,3,0,0%,1.0
"psychotherapist near me in-person",can,DESKTOP,1,0,0%,1.0
"psychotherapy",can,DESKTOP,1,0,0%,5.0
"psychotherapy clinics near me",can,DESKTOP,1,0,0%,1.0
"psychotherapy near me",can,DESKTOP,2,0,0%,1.0
"psychotherapy toronto",can,DESKTOP,1,0,0%,1.0
"step by step toronto",can,DESKTOP,2,0,0%,29.0
"step therapy",can,DESKTOP,2,0,0%,7.0
"step therapy",can,MOBILE,1,0,0%,2.0
"steps therapy",can,MOBILE,1,0,0%,13.0
"stress and anxiety at work",can,DESKTOP,3,0,0%,75.3
"stress and anxiety from work",can,DESKTOP,2,0,0%,67.5
"stress and anxiety in the workplace",can,DESKTOP,3,0,0%,94.3
"stress and anxiety treatment",can,DESKTOP,2,0,0%,103.5
"stress assessment",can,DESKTOP,6,0,0%,65.3
"stress assessments",can,DESKTOP,1,0,0%,66.0
"stress level assessment tools",can,DESKTOP,1,0,0%,1.0
"stress tech",can,DESKTOP,1,0,0%,90.0
"stress therapy toronto",can,DESKTOP,13,0,0%,94.3
"stressed by work",can,DESKTOP,1,0,0%,97.0
"the next step counseling",can,MOBILE,2,0,0%,5.0
"the next step counseling services",can,MOBILE,1,0,0%,11.0
"the next step therapy",can,DESKTOP,2,0,0%,1.0
"the next step therapy",can,MOBILE,1,0,0%,1.0
"the next step toronto",can,DESKTOP,2,0,0%,11.5
"the next step toronto",can,MOBILE,13,0,0%,10.2
"the next step website",can,DESKTOP,1,0,0%,96.0
"then next step",can,DESKTOP,1,0,0%,74.0
"therapist near me",can,DESKTOP,4,0,0%,1.0
"therapist professional development",can,DESKTOP,1,0,0%,60.0
"therapy for business professionals",can,DESKTOP,13,0,0%,3.9
"therapy for business professionals",can,MOBILE,3,0,0%,3.7
"therapy for businesses",can,DESKTOP,1,0,0%,24.0
"therapy for healthcare professionals",can,DESKTOP,1,0,0%,86.0
"therapy for high achievers",can,DESKTOP,1,0,0%,7.0
"therapy for imposter syndrome ontario",can,DESKTOP,17,0,0%,52.1
"therapy for imposter syndrome toronto",can,DESKTOP,16,0,0%,40.8
"therapy for perfectionism and burnout",can,MOBILE,1,0,0%,31.0
"therapy for performance anxiety",can,MOBILE,1,0,0%,45.0
"therapy for professionals",can,DESKTOP,35,0,0%,48.0
"therapy for professionals",can,MOBILE,2,0,0%,13.0
"therapy for work anxiety",can,DESKTOP,1,0,0%,62.0
"transformative counselling",can,DESKTOP,2,0,0%,79.0
"transformative psychotherapy consulting",can,DESKTOP,1,0,0%,54.0
"virtual therapy for high achievers",can,DESKTOP,12,0,0%,6.8
"virtual therapy toronto",can,DESKTOP,11,0,0%,70.7
"virtual therapy toronto",can,MOBILE,6,0,0%,67.3
"work and anxiety",can,DESKTOP,2,0,0%,73.5
"work anxiety",can,DESKTOP,37,0,0%,65.5
"work anxiety",can,MOBILE,5,0,0%,72.0
"work assessment",can,DESKTOP,1,0,0%,89.0
"work related anxiety",can,DESKTOP,1,0,0%,70.0
"work stress",can,DESKTOP,37,0,0%,84.6
"work stress",can,MOBILE,29,0,0%,85.8
"work stress and anxiety",can,DESKTOP,3,0,0%,79.3
"work stress anxiety",can,DESKTOP,1,0,0%,55.0
"work stress assessment",can,DESKTOP,10,0,0%,25.3
"work stress management",can,DESKTOP,2,0,0%,53.0
"work stress therapy",can,DESKTOP,16,0,0%,81.6
"workplace anxiety",can,DESKTOP,5,0,0%,86.2
"workplace stress and anxiety",can,DESKTOP,2,0,0%,88.5