Keyword,Category,Intent,Volume,KD
anxiety therapy burlington,Burlington Therapy,Commercial,2400,11
is therapy free in canada,Therapy Costs & Insurance,Informational,200,15
psychotherapist burlington,Burlington Therapy,Commercial,150,20
affordable therapy ontario,Therapy Costs & Insurance,Informational,150,21
couples therapy burlington,Burlington Therapy,Commercial,80,2
high functioning anxiety symptoms,High Functioning Anxiety,Informational,70,34
high functioning anxiety treatment,High Functioning Anxiety,Informational,20,12
trauma therapist burlington,Burlington Therapy,Commercial,10,N/A
best therapist burlington,Burlington Therapy,Commercial,10,N/A
workplace burnout symptoms,Workplace Burnout,Informational,10,N/A
ohip psychotherapy coverage,Therapy Costs & Insurance,Informational,10,N/A
therapy for high functioning anxiety,High Functioning Anxiety,Commercial,10,N/A
how much is therapy ontario,Therapy Costs & Insurance,Informational,10,N/A
cbt for high functioning anxiety,High Functioning Anxiety,Informational,10,N/A
how to manage high functioning anxiety,High Functioning Anxiety,Informational,10,N/A
working professionals anxiety ontario,High Functioning Anxiety,Informational,N/A,N/A
high achieving anxiety help burlington,High Functioning Anxiety,Commercial,N/A,N/A
signs of high functioning anxiety at work,High Functioning Anxiety,Informational,N/A,N/A
anxiety therapy for professionals ontario,High Functioning Anxiety,Commercial,N/A,N/A
best therapist for high functioning anxiety ontario,High Functioning Anxiety,Commercial,N/A,N/A
corporate stress therapy ontario,Workplace Burnout,Commercial,N/A,N/A
executive burnout treatment ontario,Workplace Burnout,Commercial,N/A,N/A
bay street burnout help,Workplace Burnout,Informational,N/A,N/A
burnout prevention for professionals,Workplace Burnout,Informational,N/A,N/A
therapy for work stress burlington,Workplace Burnout,Commercial,N/A,N/A
burnout counseling near me,Workplace Burnout,Commercial,N/A,N/A
professional burnout signs,Workplace Burnout,Informational,N/A,N/A
workplace anxiety therapy ontario,Workplace Burnout,Commercial,N/A,N/A
burnout therapist for executives ontario,Workplace Burnout,Commercial,N/A,N/A
counseling burlington ontario,Burlington Therapy,Commercial,N/A,N/A
therapy clinic burlington,Burlington Therapy,Commercial,N/A,N/A
therapy for professionals burlington,Burlington Therapy,Commercial,N/A,N/A
does insurance cover therapy ontario,Therapy Costs & Insurance,Informational,N/A,N/A
private therapy cost ontario,Therapy Costs & Insurance,Informational,N/A,N/A
therapy fees burlington,Therapy Costs & Insurance,Commercial,N/A,N/A
does blue cross cover therapy ontario,Therapy Costs & Insurance,Informational,N/A,N/A
sliding scale therapy burlington,Therapy Costs & Insurance,Commercial,N/A,N/A
insurance for mental health therapy,Therapy Costs & Insurance,Informational,N/A,N/A