Keyword,Category,Intent
high functioning anxiety symptoms,High Functioning Anxiety,Informational
high functioning anxiety treatment,High Functioning Anxiety,Informational
therapy for high functioning anxiety,High Functioning Anxiety,Commercial
working professionals anxiety ontario,High Functioning Anxiety,Informational
how to manage high functioning anxiety,High Functioning Anxiety,Informational
high achieving anxiety help burlington,High Functioning Anxiety,Commercial
CBT for high functioning anxiety,High Functioning Anxiety,Informational
signs of high functioning anxiety at work,High Functioning Anxiety,Informational
anxiety therapy for professionals ontario,High Functioning Anxiety,Commercial
best therapist for high functioning anxiety ontario,High Functioning Anxiety,Commercial
workplace burnout symptoms,Workplace Burnout,Informational
corporate stress therapy ontario,Workplace Burnout,Commercial
executive burnout treatment ontario,Workplace Burnout,Commercial
bay street burnout help,Workplace Burnout,Informational
burnout prevention for professionals,Workplace Burnout,Informational
therapy for work stress burlington,Workplace Burnout,Commercial
burnout counseling near me,Workplace Burnout,Commercial
professional burnout signs,Workplace Burnout,Informational
workplace anxiety therapy ontario,Workplace Burnout,Commercial
burnout therapist for executives ontario,Workplace Burnout,Commercial
psychotherapist burlington,Burlington Therapy,Commercial
counseling burlington ontario,Burlington Therapy,Commercial
anxiety therapy burlington,Burlington Therapy,Commercial
depression therapist burlington,Burlington Therapy,Commercial
therapy clinic burlington,Burlington Therapy,Commercial
best therapist burlington,Burlington Therapy,Commercial
couples therapy burlington,Burlington Therapy,Commercial
mental health support burlington,Burlington Therapy,Informational
therapy for professionals burlington,Burlington Therapy,Commercial
trauma therapist burlington,Burlington Therapy,Commercial
how much is therapy ontario,Therapy Costs & Insurance,Informational
is therapy free in canada,Therapy Costs & Insurance,Informational
ohip psychotherapy coverage,Therapy Costs & Insurance,Informational
does insurance cover therapy ontario,Therapy Costs & Insurance,Informational
private therapy cost ontario,Therapy Costs & Insurance,Informational
therapy fees burlington,Therapy Costs & Insurance,Commercial
affordable therapy ontario,Therapy Costs & Insurance,Informational
does blue cross cover therapy ontario,Therapy Costs & Insurance,Informational
sliding scale therapy burlington,Therapy Costs & Insurance,Commercial
insurance for mental health therapy,Therapy Costs & Insurance,Informational
